1683004766;1К2342;«11.08.2017»
1712734480;1К2342;«05.09.2013»
2140313598;1К2342;«01.04.2009»
3272854168;1К2342;«27.01.2017»
3323402639;1К2342;«19.02.2021»
3486248415;1К2342;«26.07.2024»
3996829985;1К2342;«15.01.2009»
4335596744;1К2342;«06.11.2019»
4574001526;1К2342;«27.09.2023»
6548011775;1К2342;«09.06.2022»
6784021916;1К2342;«15.01.2024»
6872914477;1К2342;«11.11.2010»
6955306477;1К2342;«26.01.2009»
7577109476;1К2342;«29.06.2021»
8321366906;1К2342;«27.05.2022»
8347009134;1К2342;«27.09.2022»
8830177605;1К2342;«28.03.2013»
9093036699;1К2342;«08.10.2015»
9563157572;1К2342;«03.08.2015»
9666965348;1К2342;«17.09.2012»
9926590183;1К2342;«29.07.2019»
1356415373;1Л5605;«09.02.2005»
1683004766;1Л5605;«27.11.2013»
2140313598;1Л5605;«10.01.2014»
3323402639;1Л5605;«02.03.2022»
3996829985;1Л5605;«15.03.2019»
4574001526;1Л5605;«09.09.2025»
5224213003;1Л5605;«03.01.2024»
6522351722;1Л5605;«15.02.2007»
6548011775;1Л5605;«23.04.2009»
6872914477;1Л5605;«13.04.2023»
7577109476;1Л5605;«14.03.2011»
9093036699;1Л5605;«09.08.2021»
9176798598;1Л5605;«14.09.2023»
9747490766;1Л5605;«25.03.2022»
1356415373;1Ф7587;«15.10.2019»
1683004766;1Ф7587;«12.07.2005»
1712734480;1Ф7587;«26.01.2007»
2140313598;1Ф7587;«20.08.2019»
3272854168;1Ф7587;«22.01.2007»
3323402639;1Ф7587;«15.03.2006»
3486248415;1Ф7587;«30.08.2023»
3996829985;1Ф7587;«11.06.2012»
4335596744;1Ф7587;«16.12.2020»
4574001526;1Ф7587;«27.10.2025»
5224213003;1Ф7587;«02.08.2023»
6548011775;1Ф7587;«09.06.2022»
6784021916;1Ф7587;«11.07.2007»
6872914477;1Ф7587;«08.12.2009»
6955306477;1Ф7587;«03.09.2018»
7577109476;1Ф7587;«29.01.2020»
8321366906;1Ф7587;«27.02.2024»
8347009134;1Ф7587;«20.02.2008»
8830177605;1Ф7587;«09.01.2012»
9093036699;1Ф7587;«28.08.2006»
9926590183;1Ф7587;«18.03.2020»
1356415373;2Е2161;«08.12.2014»
1683004766;2Е2161;«17.03.2016»
2140313598;2Е2161;«27.09.2022»
3323402639;2Е2161;«16.03.2026»
3996829985;2Е2161;«02.11.2015»
4574001526;2Е2161;«23.05.2023»
6522351722;2Е2161;«08.11.2017»
6548011775;2Е2161;«13.01.2011»
6872914477;2Е2161;«14.07.2021»
7577109476;2Е2161;«10.11.2008»
9093036699;2Е2161;«10.01.2024»
9176798598;2Е2161;«06.02.2024»
9747490766;2Е2161;«13.12.2024»
1356415373;2Л9715;«04.03.2015»
1683004766;2Л9715;«03.04.2024»
2140313598;2Л9715;«08.10.2010»
3207348736;2Л9715;«05.08.2021»
3323402639;2Л9715;«17.01.2011»
5224213003;2Л9715;«06.10.2006»
6432734592;2Л9715;«16.11.2007»
6822246642;2Л9715;«11.09.2008»
6872914477;2Л9715;«12.06.2018»
7502695324;2Л9715;«23.12.2024»
8321366906;2Л9715;«15.05.2014»
8347009134;2Л9715;«18.06.2020»
8830177605;2Л9715;«28.11.2019»
9093036699;2Л9715;«09.07.2021»
9176798598;2Л9715;«25.10.2019»
9563157572;2Л9715;«13.04.2012»
9926590183;2Л9715;«05.03.2024»
1356415373;2П0703;«02.01.2014»
1683004766;2П0703;«11.07.2008»
2140313598;2П0703;«18.02.2016»
3207348736;2П0703;«10.05.2011»
3323402639;2П0703;«13.08.2021»
3486248415;2П0703;«12.03.2025»
3996829985;2П0703;«30.06.2014»
4574001526;2П0703;«26.08.2020»
6522351722;2П0703;«02.03.2021»
6548011775;2П0703;«12.10.2007»
6872914477;2П0703;«12.12.2025»
7577109476;2П0703;«05.06.2019»
9093036699;2П0703;«29.08.2022»
9176798598;2П0703;«22.12.2021»
9666965348;2П0703;«05.07.2023»
9747490766;2П0703;«30.06.2026»
1683004766;2У2555;«04.08.2017»
1712734480;2У2555;«21.03.2023»
2140313598;2У2555;«03.03.2023»
3272854168;2У2555;«24.09.2020»
3323402639;2У2555;«23.04.2024»
3996829985;2У2555;«09.11.2015»
4574001526;2У2555;«15.07.2025»
5224213003;2У2555;«03.01.2024»
6522351722;2У2555;«10.12.2015»
6548011775;2У2555;«01.06.2011»
6872914477;2У2555;«02.04.2014»
7577109476;2У2555;«27.05.2025»
8347009134;2У2555;«27.06.2005»
9093036699;2У2555;«21.02.2020»
9176798598;2У2555;«11.12.2019»
9563157572;2У2555;«12.04.2010»
9747490766;2У2555;«11.11.2021»
1356415373;2У6627;«18.07.2014»
1683004766;2У6627;«12.12.2016»
1712734480;2У6627;«16.11.2020»
2140313598;2У6627;«02.09.2014»
3272854168;2У6627;«03.03.2026»
3323402639;2У6627;«12.07.2022»
3996829985;2У6627;«12.02.2015»
4574001526;2У6627;«21.10.2020»
6522351722;2У6627;«01.05.2018»
6548011775;2У6627;«09.12.2008»
6872914477;2У6627;«16.11.2022»
7577109476;2У6627;«26.12.2017»
8347009134;2У6627;«20.08.2009»
9093036699;2У6627;«16.10.2025»
9176798598;2У6627;«09.12.2019»
9747490766;2У6627;«20.02.2024»
1683004766;3К9160;«24.04.2006»
1712734480;3К9160;«06.07.2016»
2140313598;3К9160;«21.08.2014»
3207348736;3К9160;«24.09.2007»
3272854168;3К9160;«02.03.2016»
3323402639;3К9160;«07.03.2024»
3486248415;3К9160;«28.07.2023»
3996829985;3К9160;«10.09.2025»
4335596744;3К9160;«29.07.2016»
4574001526;3К9160;«24.08.2022»
5224213003;3К9160;«08.03.2022»
6548011775;3К9160;«09.06.2023»
6872914477;3К9160;«24.03.2005»
6955306477;3К9160;«17.10.2013»
7502695324;3К9160;«12.06.2014»
7577109476;3К9160;«29.12.2022»
8321366906;3К9160;«22.04.2021»
8347009134;3К9160;«13.06.2019»
8830177605;3К9160;«02.02.2026»
9093036699;3К9160;«03.08.2017»
9563157572;3К9160;«31.03.2020»
9926590183;3К9160;«02.11.2007»
1356415373;3С4079;«14.10.2020»
1683004766;3С4079;«04.10.2024»
1712734480;3С4079;«23.10.2017»
3272854168;3С4079;«30.12.2005»
3323402639;3С4079;«05.06.2019»
3486248415;3С4079;«23.03.2022»
3996829985;3С4079;«16.11.2009»
4335596744;3С4079;«29.05.2019»
4574001526;3С4079;«01.04.2019»
5224213003;3С4079;«08.03.2022»
6522351722;3С4079;«10.11.2017»
6548011775;3С4079;«05.08.2015»
6784021916;3С4079;«13.08.2020»
6872914477;3С4079;«29.09.2014»
6955306477;3С4079;«02.05.2018»
7577109476;3С4079;«28.04.2023»
8347009134;3С4079;«08.10.2014»
8830177605;3С4079;«30.04.2015»
9093036699;3С4079;«16.02.2023»
9176798598;3С4079;«20.02.2006»
9563157572;3С4079;«20.12.2012»
1356415373;4Е6402;«04.02.2014»
1683004766;4Е6402;«06.08.2010»
2140313598;4Е6402;«22.06.2007»
3207348736;4Е6402;«26.08.2024»
3323402639;4Е6402;«23.12.2019»
6432734592;4Е6402;«01.03.2023»
6822246642;4Е6402;«24.03.2009»
6872914477;4Е6402;«07.11.2018»
7502695324;4Е6402;«25.03.2024»
8347009134;4Е6402;«01.03.2011»
8830177605;4Е6402;«12.08.2025»
9093036699;4Е6402;«06.12.2019»
9176798598;4Е6402;«15.05.2008»
9563157572;4Е6402;«12.01.2015»
9926590183;4Е6402;«01.12.2023»
1356415373;4К5957;«07.11.2007»
1683004766;4К5957;«07.01.2016»
1712734480;4К5957;«22.08.2024»
3272854168;4К5957;«23.10.2007»
3323402639;4К5957;«16.03.2009»
3996829985;4К5957;«26.01.2023»
4335596744;4К5957;«06.11.2019»
4574001526;4К5957;«17.06.2026»
5845908914;4К5957;«07.01.2010»
6522351722;4К5957;«13.03.2018»
6548011775;4К5957;«16.01.2014»
6784021916;4К5957;«12.07.2019»
6872914477;4К5957;«01.04.2016»
7577109476;4К5957;«27.10.2021»
8347009134;4К5957;«13.09.2011»
8830177605;4К5957;«23.02.2015»
9093036699;4К5957;«22.09.2021»
9176798598;4К5957;«28.03.2024»
9563157572;4К5957;«17.06.2022»
1356415373;4Т0732;«06.04.2005»
1683004766;4Т0732;«25.04.2013»
1712734480;4Т0732;«16.02.2023»
3207348736;4Т0732;«23.03.2020»
3323402639;4Т0732;«24.08.2005»
4004679687;4Т0732;«02.12.2015»
4574001526;4Т0732;«29.07.2021»
5224213003;4Т0732;«22.12.2023»
6432734592;4Т0732;«15.12.2021»
6548011775;4Т0732;«12.01.2021»
6822246642;4Т0732;«15.05.2026»
6872914477;4Т0732;«24.12.2009»
7502695324;4Т0732;«18.04.2007»
8321366906;4Т0732;«07.04.2009»
8347009134;4Т0732;«09.11.2020»
8830177605;4Т0732;«13.08.2020»
9093036699;4Т0732;«17.03.2025»
9563157572;4Т0732;«14.02.2014»
9747490766;4Т0732;«28.04.2026»
9926590183;4Т0732;«12.09.2007»
1356415373;4У3870;«10.05.2016»
1683004766;4У3870;«25.07.2013»
1712734480;4У3870;«18.10.2012»
3207348736;4У3870;«16.03.2023»
3272854168;4У3870;«21.09.2009»
3323402639;4У3870;«09.07.2025»
3996829985;4У3870;«09.07.2013»
4335596744;4У3870;«07.10.2025»
4574001526;4У3870;«05.04.2016»
5224213003;4У3870;«20.06.2023»
6432734592;4У3870;«01.12.2023»
6548011775;4У3870;«09.12.2020»
6872914477;4У3870;«19.09.2008»
7502695324;4У3870;«12.02.2018»
7577109476;4У3870;«31.05.2022»
8321366906;4У3870;«23.03.2023»
8347009134;4У3870;«09.01.2025»
8830177605;4У3870;«11.10.2021»
9093036699;4У3870;«03.02.2023»
9563157572;4У3870;«17.04.2009»
9926590183;4У3870;«14.04.2020»
1356415373;5В3493;«10.03.2011»
2140313598;5В3493;«02.12.2005»
3323402639;5В3493;«23.02.2024»
3996829985;5В3493;«24.08.2009»
4574001526;5В3493;«02.02.2023»
6522351722;5В3493;«23.02.2010»
6548011775;5В3493;«11.10.2012»
6872914477;5В3493;«14.07.2023»
7577109476;5В3493;«24.02.2012»
9093036699;5В3493;«11.01.2023»
9176798598;5В3493;«25.10.2019»
9747490766;5В3493;«01.05.2026»
1683004766;5Н2277;«05.01.2010»
1712734480;5Н2277;«20.08.2021»
2140313598;5Н2277;«12.05.2011»
3272854168;5Н2277;«02.10.2007»
3323402639;5Н2277;«30.09.2024»
3486248415;5Н2277;«17.08.2022»
3996829985;5Н2277;«22.10.2015»
4335596744;5Н2277;«04.06.2020»
4574001526;5Н2277;«04.08.2025»
5224213003;5Н2277;«25.02.2022»
6522351722;5Н2277;«19.06.2015»
6548011775;5Н2277;«09.01.2025»
6784021916;5Н2277;«13.10.2022»
6872914477;5Н2277;«02.10.2017»
6955306477;5Н2277;«24.09.2013»
7577109476;5Н2277;«28.11.2025»
8321366906;5Н2277;«28.11.2025»
8347009134;5Н2277;«21.02.2011»
8830177605;5Н2277;«26.08.2016»
9093036699;5Н2277;«08.01.2007»
9563157572;5Н2277;«18.02.2019»
1356415373;5Т0438;«29.01.2007»
1683004766;5Т0438;«03.09.2014»
2140313598;5Т0438;«07.10.2019»
3323402639;5Т0438;«05.04.2007»
3996829985;5Т0438;«11.01.2011»
4574001526;5Т0438;«15.09.2014»
6522351722;5Т0438;«25.02.2011»
6548011775;5Т0438;«19.11.2018»
6872914477;5Т0438;«13.01.2026»
7577109476;5Т0438;«09.07.2009»
9093036699;5Т0438;«11.04.2024»
9176798598;5Т0438;«26.11.2010»
9747490766;5Т0438;«07.04.2017»
1356415373;6А3832;«17.04.2015»
1683004766;6А3832;«24.03.2008»
1712734480;6А3832;«08.05.2006»
3207348736;6А3832;«15.10.2007»
3486248415;6А3832;«28.01.2020»
3996829985;6А3832;«05.07.2006»
4574001526;6А3832;«03.02.2020»
5224213003;6А3832;«10.09.2025»
6522351722;6А3832;«01.11.2023»
6548011775;6А3832;«30.05.2006»
6872914477;6А3832;«09.09.2016»
7577109476;6А3832;«26.09.2019»
9093036699;6А3832;«14.05.2024»
9176798598;6А3832;«01.12.2021»
9666965348;6А3832;«31.03.2026»
9747490766;6А3832;«25.08.2025»
1683004766;6И5486;«04.03.2008»
1712734480;6И5486;«22.07.2026»
3207348736;6И5486;«16.03.2023»
3272854168;6И5486;«19.04.2016»
3323402639;6И5486;«23.04.2025»
3486248415;6И5486;«23.07.2014»
3996829985;6И5486;«24.06.2010»
4335596744;6И5486;«15.09.2025»
4574001526;6И5486;«23.09.2019»
5224213003;6И5486;«23.06.2008»
6432734592;6И5486;«17.07.2015»
6548011775;6И5486;«09.10.2025»
6872914477;6И5486;«03.08.2015»
7502695324;6И5486;«09.03.2017»
7577109476;6И5486;«30.09.2024»
8321366906;6И5486;«22.07.2025»
8347009134;6И5486;«04.11.2025»
8830177605;6И5486;«20.08.2021»
9093036699;6И5486;«28.07.2026»
9563157572;6И5486;«29.04.2019»
9926590183;6И5486;«29.11.2013»
1356415373;6К6037;«19.10.2009»
1683004766;6К6037;«02.07.2019»
2140313598;6К6037;«06.10.2021»
3207348736;6К6037;«26.04.2021»
5224213003;6К6037;«16.08.2011»
6432734592;6К6037;«01.04.2026»
6872914477;6К6037;«06.02.2009»
7502695324;6К6037;«25.07.2022»
8347009134;6К6037;«08.01.2013»
8830177605;6К6037;«18.10.2021»
9093036699;6К6037;«09.08.2022»
9176798598;6К6037;«19.01.2022»
9563157572;6К6037;«11.04.2022»
9926590183;6К6037;«29.09.2022»
1356415373;6Н5651;«01.01.2019»
1683004766;6Н5651;«26.03.2012»
1712734480;6Н5651;«19.06.2026»
3207348736;6Н5651;«02.08.2016»
3486248415;6Н5651;«26.12.2019»
3996829985;6Н5651;«13.04.2017»
5224213003;6Н5651;«12.06.2006»
6522351722;6Н5651;«04.09.2013»
6548011775;6Н5651;«09.01.2009»
6872914477;6Н5651;«19.03.2012»
6872914477;6Н5651;«09.01.2018»
9093036699;6Н5651;«02.02.2026»
9176798598;6Н5651;«05.06.2008»
9563157572;6Н5651;«20.02.2013»
9747490766;6Н5651;«07.04.2023»
1356415373;6Ч4166;«22.09.2015»
1683004766;6Ч4166;«29.12.2021»
1712734480;6Ч4166;«09.10.2019»
3207348736;6Ч4166;«31.10.2005»
3323402639;6Ч4166;«15.08.2023»
3996829985;6Ч4166;«01.12.2005»
4335596744;6Ч4166;«27.11.2019»
4574001526;6Ч4166;«28.05.2021»
5845908914;6Ч4166;«08.01.2009»
6432734592;6Ч4166;«26.06.2019»
6548011775;6Ч4166;«08.06.2006»
6822246642;6Ч4166;«15.02.2024»
6872914477;6Ч4166;«20.01.2022»
7502695324;6Ч4166;«01.11.2018»
7577109476;6Ч4166;«31.05.2024»
8321366906;6Ч4166;«24.06.2022»
8347009134;6Ч4166;«16.08.2023»
8830177605;6Ч4166;«23.08.2021»
9093036699;6Ч4166;«16.02.2021»
9563157572;6Ч4166;«14.02.2012»
9666965348;6Ч4166;«14.02.2020»
9926590183;6Ч4166;«15.11.2012»
1356415373;7В7864;«29.12.2025»
1683004766;7В7864;«01.03.2017»
1712734480;7В7864;«23.10.2025»
3207348736;7В7864;«11.01.2018»
3486248415;7В7864;«04.10.2022»
3996829985;7В7864;«24.02.2014»
4574001526;7В7864;«26.08.2020»
5845908914;7В7864;«01.01.2007»
6522351722;7В7864;«01.11.2022»
6548011775;7В7864;«17.01.2019»
6872914477;7В7864;«05.07.2019»
7577109476;7В7864;«25.07.2023»
9093036699;7В7864;«02.11.2006»
9176798598;7В7864;«29.04.2009»
9563157572;7В7864;«07.12.2017»
9747490766;7В7864;«28.12.2023»
1356415373;8У3255;«25.01.2011»
1683004766;8У3255;«14.02.2006»
1712734480;8У3255;«07.01.2025»
3272854168;8У3255;«19.01.2010»
3323402639;8У3255;«12.07.2022»
3996829985;8У3255;«15.03.2005»
4335596744;8У3255;«12.11.2007»
4574001526;8У3255;«24.04.2025»
5224213003;8У3255;«02.08.2023»
6522351722;8У3255;«10.07.2006»
6548011775;8У3255;«14.02.2014»
6784021916;8У3255;«12.05.2021»
6872914477;8У3255;«14.04.2005»
7577109476;8У3255;«27.09.2024»
8347009134;8У3255;«12.01.2022»
9093036699;8У3255;«16.09.2024»
9176798598;8У3255;«10.06.2020»
9563157572;8У3255;«20.02.2018»
9747490766;8У3255;«14.02.2024»
1356415373;9И8705;«10.12.2009»
1683004766;9И8705;«03.01.2017»
1712734480;9И8705;«08.08.2025»
3486248415;9И8705;«18.11.2019»
3996829985;9И8705;«30.09.2024»
6522351722;9И8705;«01.07.2019»
6548011775;9И8705;«15.10.2007»
9176798598;9И8705;«04.12.2008»
9563157572;9И8705;«11.08.2009»
9666965348;9И8705;«10.02.2023»
1683004766;9Л7614;«21.09.2015»
1712734480;9Л7614;«25.10.2022»
3207348736;9Л7614;«26.08.2020»
3323402639;9Л7614;«10.02.2009»
4574001526;9Л7614;«24.12.2019»
5224213003;9Л7614;«07.04.2025»
6432734592;9Л7614;«20.04.2026»
6548011775;9Л7614;«12.02.2020»
6822246642;9Л7614;«15.09.2025»
6872914477;9Л7614;«01.08.2013»
7502695324;9Л7614;«23.06.2026»
8321366906;9Л7614;«14.12.2010»
8347009134;9Л7614;«27.04.2022»
8830177605;9Л7614;«01.11.2022»
9093036699;9Л7614;«19.09.2024»
9926590183;9Л7614;«09.01.2012»
1683004766;9П2134;«16.06.2016»
3207348736;9П2134;«28.12.2022»
3323402639;9П2134;«04.07.2008»
4574001526;9П2134;«27.01.2012»
5224213003;9П2134;«20.05.2019»
6432734592;9П2134;«21.03.2023»
6548011775;9П2134;«12.02.2024»
6822246642;9П2134;«15.10.2019»
6872914477;9П2134;«08.11.2012»
7502695324;9П2134;«23.08.2023»
8321366906;9П2134;«28.09.2011»
8347009134;9П2134;«31.05.2019»
8830177605;9П2134;«25.12.2020»
9093036699;9П2134;«28.11.2023»
9176798598;9П2134;«31.07.2020»
9563157572;9П2134;«22.07.2005»
9926590183;9П2134;«05.05.2025»
